<?xml version="1.0" encoding="utf-8"?>
<!DOCTYPE properties SYSTEM "http://java.sun.com/dtd/properties.dtd">
<properties>		
	<comment>
	  This is an example of an input translation table for int_daisy_unicodeTranscoder.
	  The key attribute contains the hex codepoint to be translated,
	  and the entry text node the replacement string.
	  The entries match two hebrew characters and some other stuff.
	  The table can be built using: www.unicode.org/Public/UNIDATA/UnicodeData.txt
	</comment>	
	<entry key="05E2">hebrew ayin</entry>	
	<entry key="05DD">hebrew final mem</entry>		
	<entry key="00A5">currency yen</entry>
	<entry key="00AE">registered sign</entry>
</properties>
