<unicodeBlocks>
    <block start="32" end="127" name="BasicLatin"/>
    <block start="128" end="255" name="LatinSupplement"/>
    <block start="256" end="383" name="LatinExtendedA"/>
    <block start="384" end="591" name="LatinExtendedB"/>
    <block start="592" end="687" name="IPAExtensions"/>
    <block start="688" end="767" name="SpacingModifierLetters"/>
    <block start="768" end="879" name="CombiningDiacriticalMarks"/>
    <block start="880" end="1023" name="GreekAndCoptic"/>
    <block start="1024" end="1279" name="Cyrillic"/>
    <block start="1280" end="1327" name="CyrillicSupplement"/>
    <block start="1328" end="1423" name="Armenian"/>
    <block start="1424" end="1535" name="Hebrew"/>
    <block start="1536" end="1791" name="Arabic"/>
    <block start="1792" end="1871" name="Syriac"/>
    <block start="1872" end="1919" name="ArabicSupplement"/>
    <block start="1920" end="1983" name="Thaana"/>
    <block start="1984" end="2047" name="NKo"/>
    <block start="2112" end="2143" name="Mandaic"/>
    <block start="2304" end="2431" name="Devanagari"/>
    <block start="2432" end="2559" name="Bengali"/>
    <block start="2560" end="2687" name="Gurmukhi"/>
    <block start="2688" end="2815" name="Gujarati"/>
    <block start="2816" end="2943" name="Oriya"/>
    <block start="2944" end="3071" name="Tamil"/>
    <block start="3072" end="3199" name="Telugu"/>
    <block start="3200" end="3327" name="Kannada"/>
    <block start="3328" end="3455" name="Malayalam"/>
    <block start="3456" end="3583" name="Sinhala"/>
    <block start="3584" end="3711" name="Thai"/>
    <block start="3712" end="3839" name="Lao"/>
    <block start="3840" end="4095" name="Tibetan"/>
    <block start="4096" end="4255" name="Myanmar"/>
    <block start="4256" end="4351" name="Georgian"/>
    <block start="4352" end="4607" name="HangulJamo"/>
    <block start="4608" end="4991" name="Ethiopic"/>
    <block start="4992" end="5023" name="EthiopicSupplement"/>
    <block start="5024" end="5119" name="Cherokee"/>
    <block start="5120" end="5759" name="UnifiedCanadianAboriginalSyllabics"/>
    <block start="5760" end="5791" name="Ogham"/>
    <block start="5792" end="5887" name="Runic"/>
    <block start="5888" end="5919" name="Tagalog"/>
    <block start="5920" end="5951" name="Hanunoo"/>
    <block start="5952" end="5983" name="Buhid"/>
    <block start="5984" end="6015" name="Tagbanwa"/>
    <block start="6016" end="6143" name="Khmer"/>
    <block start="6144" end="6319" name="Mongolian"/>
    <block start="6400" end="6479" name="Limbu"/>
    <block start="6480" end="6527" name="TaiLe"/>
    <block start="6528" end="6623" name="NewTaiLue"/>
    <block start="6624" end="6655" name="KhmerSymbols"/>
    <block start="6656" end="6687" name="Buginese"/>
    <block start="6912" end="7039" name="Balinese"/>
    <block start="7104" end="7167" name="Batak"/>
    <block start="7168" end="7247" name="Lepcha"/>
    <block start="7248" end="7295" name="OldChiki"/>
    <block start="7424" end="7551" name="PhoneticExtensions"/>
    <block start="7552" end="7615" name="PhoneticExtensionsSupplement"/>
    <block start="7616" end="7679" name="CombiningDiacriticalMarksSupplement"/>
    <block start="7680" end="7935" name="LatinExtendedAdditional"/>
    <block start="7936" end="8191" name="GreekExtended"/>
    <block start="8192" end="8303" name="GeneralPunctuation"/>
    <block start="8304" end="8351" name="SuperscriptsAndSubscripts"/>
    <block start="8352" end="8399" name="CurrencySymbols"/>
    <block start="8400" end="8447" name="CombiningDiacriticalMarksforSymbols"/>
    <block start="8448" end="8527" name="LetterlikeSymbols"/>
    <block start="8528" end="8591" name="NumberForms"/>
    <block start="8592" end="8703" name="Arrows"/>
    <block start="8704" end="8959" name="MathematicalOperators"/>
    <block start="8960" end="9215" name="MiscellaneousTechnical"/>
    <block start="9216" end="9279" name="ControlPictures"/>
    <block start="9280" end="9311" name="OpticalCharacterRecognition"/>
    <block start="9312" end="9471" name="EnclosedAlphanumerics"/>
    <block start="9472" end="9599" name="BoxDrawing"/>
    <block start="9600" end="9631" name="BlockElements"/>
    <block start="9632" end="9727" name="GeometricShapes"/>
    <block start="9728" end="9983" name="MiscellaneousSymbols"/>
    <block start="9984" end="10175" name="Dingbats"/>
    <block start="10176" end="10223" name="MiscellaneousMathematicalSymbolsA"/>
    <block start="10224" end="10239" name="SupplementalArrowsA"/>
    <block start="10240" end="10495" name="BraillePatterns"/>
    <block start="10496" end="10623" name="SupplementalArrowsB"/>
    <block start="10624" end="10751" name="MiscellaneousMathematicalSymbolsB"/>
    <block start="10752" end="11007" name="SupplementalMathematicalOperators"/>
    <block start="11008" end="11263" name="MiscellaneousSymbolsAndArrows"/>
    <block start="11264" end="11359" name="Glagolitic"/>
    <block start="11360" end="11391" name="LatinExtendedC"/>
    <block start="11392" end="11519" name="Coptic"/>
    <block start="11520" end="11567" name="GeorgianSupplement"/>
    <block start="11568" end="11647" name="Tifinagh"/>
    <block start="11648" end="11743" name="EthiopicExtended"/>
    <block start="11744" end="11775" name="CyrillicExtendedA"/>
    <block start="11776" end="11903" name="SupplementalPunctuation"/>
    <block start="11904" end="12031" name="CJKRadicalsSupplement"/>
    <block start="12032" end="12255" name="KangxiRadicals"/>
    <block start="12272" end="12287" name="IdeographicDescriptionCharacters"/>
    <block start="12288" end="12351" name="CJKSymbolsAndPunctuation"/>
    <block start="12352" end="12447" name="Hiragana"/>
    <block start="12448" end="12543" name="Katakana"/>
    <block start="12544" end="12591" name="Bopomofo"/>
    <block start="12592" end="12687" name="HangulCompatibilityJamo"/>
    <block start="12688" end="12703" name="Kanbun"/>
    <block start="12704" end="12735" name="BopomofoExtended"/>
    <block start="12736" end="12783" name="CJKStrokes"/>
    <block start="12784" end="12799" name="KatakanaPhoneticExtensions"/>
    <block start="12800" end="13055" name="EnclosedCJKLettersAndMonths"/>
    <block start="13056" end="13311" name="CJKCompatibility"/>
    <block start="13312" end="19903" name="CJKUnifiedIdeographsExtensionA"/>
    <block start="19904" end="19967" name="YijingHexagramSymbols"/>
    <block start="19968" end="40959" name="CJKUnifiedIdeographs"/>
    <block start="40960" end="42127" name="YiSyllables"/>
    <block start="42128" end="42191" name="YiRadicals"/>
    <block start="42240" end="42559" name="Vai"/>
    <block start="42560" end="42655" name="CyrillicExtendedB"/>
    <block start="42752" end="42783" name="ModifierToneLetters"/>
    <block start="42784" end="43007" name="LatinExtendedD"/>
    <block start="43008" end="43055" name="SylotiNagri"/>
    <block start="43072" end="43135" name="PhagsPa"/>
    <block start="43136" end="43231" name="Saurashtra"/>
    <block start="43264" end="43311" name="KayahLi"/>
    <block start="43312" end="43359" name="Rejang"/>
    <block start="43520" end="43615" name="Cham"/>
    <block start="43776" end="43823" name="EthiopicExtendedA"/>
    <block start="44032" end="55215" name="HangulSyllables"/>
    <block start="57344" end="63743" name="PrivateUseArea"/>
    <block start="63744" end="64255" name="CJKCompatibilityIdeographs"/>
    <block start="64256" end="64335" name="AlphabeticPresentationForms"/>
    <block start="64336" end="65023" name="ArabicPresentationFormsA"/>
    <block start="65024" end="65039" name="VariationSelectors"/>
    <block start="65040" end="65055" name="VerticalForms"/>
    <block start="65056" end="65071" name="CombiningHalfMarks"/>
    <block start="65072" end="65103" name="CJKCompatibilityForms"/>
    <block start="65104" end="65135" name="SmallFormVariants"/>
    <block start="65136" end="65279" name="ArabicPresentationFormsB"/>
    <block start="65280" end="65519" name="HalfwidthAndFullwidthForms"/>
    <block start="65520" end="65535" name="Specials"/>
    <block start="65536" end="65663" name="LinearBSyllabary"/>
    <block start="65664" end="65791" name="LinearBIdeograms"/>
    <block start="65792" end="65855" name="AegeanNumbers"/>
    <block start="65856" end="65935" name="AncientGreekNumbers"/>
    <block start="65936" end="65999" name="AncientSymbols"/>
    <block start="66000" end="66047" name="PhaistosDisc"/>
    <block start="66176" end="66207" name="Lycian"/>
    <block start="66208" end="66271" name="Carian"/>
    <block start="66304" end="66351" name="OldItalic"/>
    <block start="66352" end="66383" name="Gothic"/>
    <block start="66432" end="66463" name="Ugaritic"/>
    <block start="66464" end="66527" name="OldPersian"/>
    <block start="66560" end="66639" name="Deseret"/>
    <block start="66640" end="66687" name="Shavian"/>
    <block start="66688" end="66735" name="Osmanya"/>
    <block start="67584" end="67647" name="CypriotSyllabary"/>
    <block start="67840" end="67871" name="Phoenician"/>
    <block start="67872" end="67903" name="Lydian"/>
    <block start="68096" end="68191" name="Kharoshthi"/>
    <block start="69632" end="69759" name="Brahmi"/>
    <block start="73728" end="74751" name="Cuneiform"/>
    <block start="74752" end="74879" name="CuneiformNumbersAndPunctuation"/>
    <block start="92160" end="92735" name="BamumSupplement"/>
    <block start="110592" end="110847" name="KanaSupplement"/>
    <block start="118784" end="119039" name="ByzantineMusicalSymbols"/>
    <block start="119040" end="119295" name="MusicalSymbols"/>
    <block start="119296" end="119375" name="AncientGreekMusicalNotation"/>
    <block start="119552" end="119647" name="TaiXuanJingSymbols"/>
    <block start="119648" end="119679" name="CountingRodNumerals"/>
    <block start="119808" end="120831" name="MathematicalAlphanumericSymbols"/>
    <block start="126976" end="127023" name="MahjongTiles"/>
    <block start="127024" end="127135" name="DominoTiles"/>
    <block start="127136" end="127231" name="PlayingCards"/>
    <block start="127744" end="128511" name="MiscellaneousSymbolsAndPictographs"/>
    <block start="128512" end="128591" name="Emoticons"/>
    <block start="128640" end="128767" name="TransportAndMapSymbols"/>
    <block start="128768" end="128895" name="AlchemicalSymbols"/>
    <block start="131072" end="173791" name="CJKUnifiedIdeographsExtensionB"/>
    <block start="177984" end="178207" name="CJKUnifiedIdeographsExtensionD"/>
    <block start="194560" end="195103" name="CJKCompatibilityIdeographsSupplement"/>
    <block start="917504" end="917631" name="Tags"/>
    <block start="917760" end="917999" name="VariationSelectorsSupplement"/>
    <block start="983040" end="1048575" name="SupplementaryPrivateUseAreaA"/>
    <block start="1048576" end="1114111" name="SupplementaryPrivateUseAreaB"/>
</unicodeBlocks>
