<languages>
<lang name="Afar" code="AA" />
<lang name="Abkhazian" code="AB" />
<lang name="Afrikaans" code="AF" />
<lang name="Amharic" code="AM" />
<lang name="Arabic" code="AR" />
<lang name="Assamese" code="AS" />
<lang name="Aymara" code="AY" />
<lang name="Azerbaijani" code="AZ" />
<lang name="Bashkir" code="BA" />
<lang name="Byelorussian" code="BE" />
<lang name="Bulgarian" code="BG" />
<lang name="Bihari" code="BH" />
<lang name="Bislama" code="BI" />
<lang name="Bengali" code="BN" />
<lang name="Bangla" code="BN" />
<lang name="Tibetan" code="BO" />
<lang name="Breton" code="BR" />
<lang name="Catalan" code="CA" />
<lang name="Corsican" code="CO" />
<lang name="Czech" code="CS" />
<lang name="Welsh" code="CY" />
<lang name="Danish" code="DA" />
<lang name="German" code="DE" />
<lang name="Bhutani" code="DZ" />
<lang name="Greek" code="EL" />
<lang name="English" code="EN" />
<lang name="Esperanto" code="EO" />
<lang name="Spanish" code="ES" />
<lang name="Estonian" code="ET" />
<lang name="Basque" code="EU" />
<lang name="Persian" code="FA" />
<lang name="Finnish" code="FI" />
<lang name="Fiji" code="FJ" />
<lang name="Faeroese" code="FO" />
<lang name="French" code="FR" />
<lang name="Frisian" code="FY" />
<lang name="Irish" code="GA" />
<lang name="Gaelic" code="GD" />
<lang name="Galician" code="GL" />
<lang name="Guarani" code="GN" />
<lang name="Gujarati" code="GU" />
<lang name="Hausa" code="HA" />
<lang name="Hindi" code="HI" />
<lang name="Croatian" code="HR" />
<lang name="Hungarian" code="HU" />
<lang name="Armenian" code="HY" />
<lang name="Interlingua" code="IA" />
<lang name="Interlingue" code="IE" />
<lang name="Inupiak" code="IK" />
<lang name="Indonesian" code="IN" />
<lang name="Icelandic" code="IS" />
<lang name="Italian" code="IT" />
<lang name="Hebrew" code="IW" />
<lang name="Japanese" code="JA" />
<lang name="Yiddish" code="JI" />
<lang name="Javanese" code="JW" />
<lang name="Georgian" code="KA" />
<lang name="Kazakh" code="KK" />
<lang name="Greenlandic" code="KL" />
<lang name="Cambodian" code="KM" />
<lang name="Kannada" code="KN" />
<lang name="Korean" code="KO" />
<lang name="Kashmiri" code="KS" />
<lang name="Kurdish" code="KU" />
<lang name="Kirghiz" code="KY" />
<lang name="Latin" code="LA" />
<lang name="Lingala" code="LN" />
<lang name="Laothian" code="LO" />
<lang name="Lithuanian" code="LT" />
<lang name="Latvian" code="LV" />
<lang name="Lettish" code="LV" />
<lang name="Malagasy" code="MG" />
<lang name="Maori" code="MI" />
<lang name="Macedonian" code="MK" />
<lang name="Malayalam" code="ML" />
<lang name="Mongolian" code="MN" />
<lang name="Moldavian" code="MO" />
<lang name="Marathi" code="MR" />
<lang name="Malay" code="MS" />
<lang name="Maltese" code="MT" />
<lang name="Burmese" code="MY" />
<lang name="Nauru" code="NA" />
<lang name="Nepali" code="NE" />
<lang name="Dutch" code="NL" />
<lang name="Norwegian" code="NO" />
<lang name="Occitan" code="OC" />
<lang name="Oromo" code="OM" />
<lang name="Afan" code="OM" />
<lang name="Oriya" code="OR" />
<lang name="Punjabi" code="PA" />
<lang name="Polish" code="PL" />
<lang name="Pashto" code="PS" />
<lang name="Pushto" code="PS" />
<lang name="Portuguese" code="PT" />
<lang name="Quechua" code="QU" />
<lang name="Rhaeto-Romance" code="RM" />
<lang name="Kirundi" code="RN" />
<lang name="Romanian" code="RO" />
<lang name="Russian" code="RU" />
<lang name="Kinyarwanda" code="RW" />
<lang name="Sanskrit" code="SA" />
<lang name="Sindhi" code="SD" />
<lang name="Sangro" code="SG" />
<lang name="Serbo-Croatian" code="SH" />
<lang name="Singhalese" code="SI" />
<lang name="Slovak" code="SK" />
<lang name="Slovenian" code="SL" />
<lang name="Samoan" code="SM" />
<lang name="Shona" code="SN" />
<lang name="Somali" code="SO" />
<lang name="Albanian" code="SQ" />
<lang name="Serbian" code="SR" />
<lang name="Siswati" code="SS" />
<lang name="Sesotho" code="ST" />
<lang name="Sudanese" code="SU" />
<lang name="Swedish" code="SV" />
<lang name="Swahili" code="SW" />
<lang name="Tamil" code="TA" />
<lang name="Tegulu" code="TE" />
<lang name="Tajik" code="TG" />
<lang name="Thai" code="TH" />
<lang name="Tigrinya" code="TI" />
<lang name="Turkmen" code="TK" />
<lang name="Tagalog" code="TL" />
<lang name="Setswana" code="TN" />
<lang name="Tonga" code="TO" />
<lang name="Turkish" code="TR" />
<lang name="Tsonga" code="TS" />
<lang name="Tatar" code="TT" />
<lang name="Twi" code="TW" />
<lang name="Ukrainian" code="UK" />
<lang name="Urdu" code="UR" />
<lang name="Uzbek" code="UZ" />
<lang name="Vietnamese" code="VI" />
<lang name="Volapuk" code="VO" />
<lang name="Wolof" code="WO" />
<lang name="Xhosa" code="XH" />
<lang name="Yoruba" code="YO" />
<lang name="Chinese" code="ZH" />
<lang name="Zulu" code="ZU" />
</languages>
